step,losses/eval.bodypart_heatmap,losses/eval.bodypart_total_loss,losses/eval.total_loss,losses/train.bodypart_heatmap,losses/train.bodypart_total_loss,losses/train.total_loss,metrics/test.mAP,metrics/test.mAP_pcutoff,metrics/test.mAR,metrics/test.mAR_pcutoff,metrics/test.rmse,metrics/test.rmse_pcutoff
1,0.004411454778164625,0.004411454778164625,0.004411454778164625,0.005407414864748716,0.005407414864748716,0.005407414864748716,3.9516040322316814,0.0,30.7421875,0.0,47.12676821223168,20.078424731829994
2,0.003746821079403162,0.003746821079403162,0.003746821079403162,0.004294326063245535,0.004294326063245535,0.004294326063245535,7.906854375097662,0.0,48.7109375,0.0,33.484961114619104,12.968150488863039
3,0.0033453875221312046,0.0033453875221312046,0.0033453875221312046,0.0037188613787293434,0.0037188613787293434,0.0037188613787293434,9.160975788514953,0.09900990099009901,56.13281249999999,0.078125,28.283709590589456,13.416277664149183
4,0.0030959676951169968,0.0030959676951169968,0.0030959676951169968,0.0033478299155831337,0.0033478299155831337,0.0033478299155831337,9.499475238343827,0.7277227722772277,58.75,0.8593750000000001,26.52558369152547,13.451096647541414
5,0.0029528483282774687,0.0029528483282774687,0.0029528483282774687,0.0031388401985168457,0.0031388401985168457,0.0031388401985168457,9.970670747933209,1.7141620994397575,60.0,2.0703125,25.40996783331666,13.45540890884237
6,0.0028648104052990675,0.0028648104052990675,0.0028648104052990675,0.002919492544606328,0.002919492544606328,0.002919492544606328,10.659792269571474,3.661086283920831,61.7578125,4.1796875,24.854872293236237,13.677165198423209
7,0.0027817930094897747,0.0027817930094897747,0.0027817930094897747,0.002776150591671467,0.002776150591671467,0.002776150591671467,10.795271332645271,5.249920825487686,62.4609375,6.406249999999999,24.130654345041126,13.973586557144941
8,0.0027412818744778633,0.0027412818744778633,0.0027412818744778633,0.002638860372826457,0.002638860372826457,0.002638860372826457,11.268556134450765,5.865998434027105,63.55468749999999,7.109375,23.81734674365265,13.894639815571548
9,0.0027169580571353436,0.0027169580571353436,0.0027169580571353436,0.0025470817927271128,0.0025470817927271128,0.0025470817927271128,11.522029319020199,7.090418081691491,64.1796875,8.7109375,23.343743720642767,13.887105953834483
10,0.0026882286183536053,0.0026882286183536053,0.0026882286183536053,0.0023899730294942856,0.0023899730294942856,0.0023899730294942856,11.090320894827581,7.41376596710429,64.296875,9.1015625,22.923872976186097,13.418750564230242
11,0.002692276379093528,0.002692276379093528,0.002692276379093528,0.002299883170053363,0.002299883170053363,0.002299883170053363,11.60754531078969,10.068071630498665,64.921875,12.109375,23.174394072911845,14.24416956447555
12,0.0026616877876222134,0.0026616877876222134,0.0026616877876222134,0.0022327695041894913,0.0022327695041894913,0.0022327695041894913,11.355470547273272,11.249769362749086,65.15625,13.0859375,22.26714001363281,14.100735884758274
13,0.002667470369488001,0.002667470369488001,0.002667470369488001,0.0021295228507369757,0.0021295228507369757,0.0021295228507369757,11.497441339802046,11.988805098239105,65.0390625,13.90625,23.054886599128455,14.151108383507676
14,0.0026521841064095497,0.0026521841064095497,0.0026521841064095497,0.0020403945818543434,0.0020403945818543434,0.0020403945818543434,11.73017626948667,13.012791623306411,65.234375,15.078125,22.598733916382006,14.22711411906967
15,0.0026433304883539677,0.0026433304883539677,0.0026433304883539677,0.001955025363713503,0.001955025363713503,0.001955025363713503,11.311334146804889,13.221112133181856,65.1171875,15.312500000000002,22.837631395641523,13.964688172560582
16,0.002640653634443879,0.002640653634443879,0.002640653634443879,0.001879120129160583,0.001879120129160583,0.001879120129160583,12.322808188528766,15.39699300231133,66.6796875,17.7734375,21.659228409150785,14.46364667005688
17,0.002641244325786829,0.002641244325786829,0.002641244325786829,0.0017978525720536709,0.0017978525720536709,0.0017978525720536709,11.934980922827906,14.232986587958177,65.859375,16.71875,22.368999204300547,14.262320388719234
18,0.002627057023346424,0.002627057023346424,0.002627057023346424,0.0017178767593577504,0.0017178767593577504,0.0017178767593577504,12.006121267233437,13.824332455148374,66.2109375,15.859375,21.973744300789537,13.96023797078075
19,0.0026691360399127007,0.0026691360399127007,0.0026691360399127007,0.0016569693107157946,0.0016569693107157946,0.0016569693107157946,11.9539103000596,15.101527139166235,65.859375,17.578125,22.65795229340372,14.48856740841297
20,0.002638892037793994,0.002638892037793994,0.002638892037793994,0.0015716970665380359,0.0015716970665380359,0.0015716970665380359,12.270534905522835,16.510644476782147,65.78125,18.8671875,22.431060940402546,14.28447182787923
21,0.0026691933162510395,0.0026691933162510395,0.0026691933162510395,0.0014937488595023751,0.0014937488595023751,0.0014937488595023751,12.358276717564067,16.29276032022876,66.171875,19.296875,21.86668969728652,14.623136269022606
22,0.0026504613924771547,0.0026504613924771547,0.0026504613924771547,0.0014488796005025506,0.0014488796005025506,0.0014488796005025506,12.205013659444642,14.594836244554163,65.859375,17.1484375,21.655757005499883,14.519955914996984
23,0.002633783034980297,0.002633783034980297,0.002633783034980297,0.0014174376847222447,0.0014174376847222447,0.0014174376847222447,12.183149033729283,15.659500812799967,66.2890625,18.0859375,21.940062237627192,14.328394212464746
24,0.002682942431420088,0.002682942431420088,0.002682942431420088,0.0013464906951412559,0.0013464906951412559,0.0013464906951412559,11.840665185868538,18.618063673675312,65.859375,21.1328125,22.785567800828694,15.38055735534219
25,0.0026669821236282587,0.0026669821236282587,0.0026669821236282587,0.001281187403947115,0.001281187403947115,0.001281187403947115,12.039982724139618,16.781892046755402,65.9375,19.21875,22.441742033423306,14.482296106189274
26,0.002677814569324255,0.002677814569324255,0.002677814569324255,0.0012144324136897922,0.0012144324136897922,0.0012144324136897922,12.004400061251337,18.78591652527994,65.9765625,21.3671875,22.213622030559385,14.559878431565181
27,0.0026740911416709423,0.0026740911416709423,0.0026740911416709423,0.0011892453767359257,0.0011892453767359257,0.0011892453767359257,12.950975555113885,18.37082438966851,66.6796875,21.1328125,21.92221737459912,15.88629033348245
28,0.002673945389688015,0.002673945389688015,0.002673945389688015,0.0011334300506860018,0.0011334300506860018,0.0011334300506860018,11.87814425673993,16.790458743117462,65.234375,19.6875,22.655514749192566,15.410836522393478
29,0.0026733465492725372,0.0026733465492725372,0.0026733465492725372,0.0010759102879092097,0.0010759102879092097,0.0010759102879092097,12.605472552965441,18.580572380676312,66.6015625,21.3671875,21.77518634491107,14.637757791567656
30,0.002648834604769945,0.002648834604769945,0.002648834604769945,0.0010557229397818446,0.0010557229397818446,0.0010557229397818446,12.226005361025663,16.06464199947073,65.9765625,18.515625,22.161926184810365,14.65893139104712
31,0.0026631688233464956,0.0026631688233464956,0.0026631688233464956,0.0010171473259106278,0.0010171473259106278,0.0010171473259106278,12.013207268672616,18.34148739835469,65.7421875,21.0546875,22.30685592730121,14.656565793202043
32,0.002679005730897188,0.002679005730897188,0.002679005730897188,0.0009770940523594618,0.0009770940523594618,0.0009770940523594618,12.196211850251386,19.05171997986205,65.859375,22.5390625,22.135363364981874,14.971937653705089
33,0.002681962214410305,0.002681962214410305,0.002681962214410305,0.0009482331806793809,0.0009482331806793809,0.0009482331806793809,12.155238342584758,17.4298761260241,65.78125,20.3125,22.409117195678228,14.93615418764217
34,0.00267691514454782,0.00267691514454782,0.00267691514454782,0.0008960732375271618,0.0008960732375271618,0.0008960732375271618,12.464821489272778,17.160180854229925,66.25,19.765625,21.646252587337074,14.593403086193723
35,0.0026574048679322004,0.0026574048679322004,0.0026574048679322004,0.000890169816557318,0.000890169816557318,0.000890169816557318,11.80295946150256,16.46896876781778,65.625,18.75,22.202269864307045,14.840576456298546
36,0.0026604831218719482,0.0026604831218719482,0.0026604831218719482,0.0008741691708564758,0.0008741691708564758,0.0008741691708564758,12.284289393440476,17.089015795429482,66.4453125,20.0390625,22.014640092413863,14.536313607915877
37,0.002663384424522519,0.002663384424522519,0.002663384424522519,0.0007753334939479828,0.0007753334939479828,0.0007753334939479828,12.071940932452804,16.69773211826037,65.78125,20.078125,22.2160046463784,14.658315170850434
38,0.0026344116777181625,0.0026344116777181625,0.0026344116777181625,0.000818222644738853,0.000818222644738853,0.000818222644738853,12.156998611643486,16.890550678023295,66.0546875,19.4140625,21.858073720377284,14.602636045618246
39,0.0026453197933733463,0.0026453197933733463,0.0026453197933733463,0.000758869166020304,0.000758869166020304,0.000758869166020304,11.474694301162089,15.836269770819214,65.3515625,18.515625,22.399587515308752,14.721444179870437
40,0.0026287862565368414,0.0026287862565368414,0.0026287862565368414,0.0007222946733236313,0.0007222946733236313,0.0007222946733236313,12.1500850698749,16.543455071803713,65.859375,19.1015625,22.017489933682942,14.616711218809478
41,0.002648602705448866,0.002648602705448866,0.002648602705448866,0.0006974252173677087,0.0006974252173677087,0.0006974252173677087,12.37870103809104,17.030796008042973,66.2890625,19.84375,21.7236283307791,14.660755354596192
42,0.0026575950905680656,0.0026575950905680656,0.0026575950905680656,0.0007212912896648049,0.0007212912896648049,0.0007212912896648049,12.032525128402428,17.902845723279555,65.9375,20.7421875,22.317346006021328,15.865591737708929
43,0.0026525361463427544,0.0026525361463427544,0.0026525361463427544,0.0006675334298051894,0.0006675334298051894,0.0006675334298051894,12.09909211778541,16.738665964689183,66.09375,20.0390625,22.23463858473677,15.124578335465793
44,0.002631174400448799,0.002631174400448799,0.002631174400448799,0.0006595822051167488,0.0006595822051167488,0.0006595822051167488,12.137398461432314,15.536890251030213,66.0546875,18.671875,22.66084152908782,15.095388816547835
45,0.002636052668094635,0.002636052668094635,0.002636052668094635,0.0006602556095458567,0.0006602556095458567,0.0006602556095458567,12.312629959667259,17.443218725803366,65.7421875,20.5078125,22.4977267748596,15.55311618691585
46,0.0026275692507624626,0.0026275692507624626,0.0026275692507624626,0.0006164005608297884,0.0006164005608297884,0.0006164005608297884,11.812627253756396,16.693628059441927,65.4296875,19.84375,21.997934487731854,15.44026689013033
47,0.002643400337547064,0.002643400337547064,0.002643400337547064,0.0005825198022648692,0.0005825198022648692,0.0005825198022648692,11.86534248627257,17.84948095726299,65.3515625,21.015625,22.371804077050694,15.612571346284891
48,0.002634462434798479,0.002634462434798479,0.002634462434798479,0.0005705165094695985,0.0005705165094695985,0.0005705165094695985,11.754655426391478,18.090554356880393,65.390625,21.40625,22.17798593459047,15.15316844906679
49,0.002632684540003538,0.002632684540003538,0.002632684540003538,0.0005628662765957415,0.0005628662765957415,0.0005628662765957415,11.733167357505163,17.130390590248997,65.5078125,20.15625,22.250741465342816,15.941865421310036
50,0.0026394182350486517,0.0026394182350486517,0.0026394182350486517,0.0005663081537932158,0.0005663081537932158,0.0005663081537932158,12.029128349036169,17.700970565526095,65.625,20.46875,22.366623803148844,15.731568324803156
51,0.0026394235901534557,0.0026394235901534557,0.0026394235901534557,0.0005121556459926069,0.0005121556459926069,0.0005121556459926069,12.25382034599589,17.19182566201138,66.015625,20.1953125,22.6170957587239,15.111777864653194
52,0.0026342221535742283,0.0026342221535742283,0.0026342221535742283,0.0005367662524804473,0.0005367662524804473,0.0005367662524804473,11.990070681008396,16.15345154682057,65.390625,19.140625,22.868193681559745,15.392005416980293
53,0.002624116837978363,0.002624116837978363,0.002624116837978363,0.0005336075555533171,0.0005336075555533171,0.0005336075555533171,12.490315855681592,18.379467626603205,66.328125,21.4453125,21.996452549473922,15.742256535495669
54,0.0026201214641332626,0.0026201214641332626,0.0026201214641332626,0.0005512865027412772,0.0005512865027412772,0.0005512865027412772,11.748225496535769,16.122241942195686,64.9609375,19.0234375,22.735699818150508,15.58247001641734
55,0.0026255156844854355,0.0026255156844854355,0.0026255156844854355,0.00047136316425167024,0.00047136316425167024,0.00047136316425167024,11.542331477149355,17.380443500196986,65.2734375,20.78125,22.457660475443397,15.667139221412874
56,0.0026231908705085516,0.0026231908705085516,0.0026231908705085516,0.0005007405998185277,0.0005007405998185277,0.0005007405998185277,11.585450097780116,15.908631194952727,65.546875,19.296875,22.28984040100043,15.607758860729483
57,0.0026177442632615566,0.0026177442632615566,0.0026177442632615566,0.00046590701094828546,0.00046590701094828546,0.00046590701094828546,11.569341641014809,17.55779550559607,65.6640625,20.5078125,22.200786552160835,15.59612347612731
58,0.002630767412483692,0.002630767412483692,0.002630767412483692,0.0004622244159691036,0.0004622244159691036,0.0004622244159691036,12.175296992105398,17.63852370057025,65.8203125,20.234375,22.23613349938622,15.749342195463031
59,0.002622415544465184,0.002622415544465184,0.002622415544465184,0.0005099470145069063,0.0005099470145069063,0.0005099470145069063,11.774592990081032,16.929590152962238,65.390625,19.609375,22.548370358138662,15.854049047370586
60,0.002610283438116312,0.002610283438116312,0.002610283438116312,0.0004795330169145018,0.0004795330169145018,0.0004795330169145018,12.409601765022716,16.629096002591456,66.5234375,19.53125,22.2825198912134,15.655080133666772
61,0.0026045728009194136,0.0026045728009194136,0.0026045728009194136,0.00043178958003409207,0.00043178958003409207,0.00043178958003409207,12.166394985214223,19.288160015298526,65.6640625,22.2265625,22.25961586503996,15.479733347015046
62,0.0026033446192741394,0.0026033446192741394,0.0026033446192741394,0.00045471792691387236,0.00045471792691387236,0.00045471792691387236,11.81438217105689,15.71215727778771,65.5859375,18.828125,22.20202927813033,15.74918716957896
63,0.002609746530652046,0.002609746530652046,0.002609746530652046,0.00043005088809877634,0.00043005088809877634,0.00043005088809877634,11.860463739112081,17.089704015863454,65.15625,20.5078125,22.313624570868324,15.533851528966943
64,0.0026077651418745518,0.0026077651418745518,0.0026077651418745518,0.00042456950177438557,0.00042456950177438557,0.00042456950177438557,11.615785606296521,16.913860663068732,65.3125,19.609375,22.621366064638856,15.370841064242592
65,0.0025958234909921885,0.0025958234909921885,0.0025958234909921885,0.0004261667490936816,0.0004261667490936816,0.0004261667490936816,12.024455208009982,17.089800445435337,65.5859375,19.6875,22.281441828900178,15.737780521699152
66,0.00260485359467566,0.00260485359467566,0.00260485359467566,0.0003787188034038991,0.0003787188034038991,0.0003787188034038991,11.933345990300634,18.30142294930409,65.546875,21.09375,22.413443587047357,15.864177870598992
67,0.0025968635454773903,0.0025968635454773903,0.0025968635454773903,0.0004156629729550332,0.0004156629729550332,0.0004156629729550332,12.03701666285886,17.490300941269645,65.703125,20.3125,22.309579528656155,15.719422919661298
68,0.002596412319689989,0.002596412319689989,0.002596412319689989,0.0004197278758510947,0.0004197278758510947,0.0004197278758510947,12.06163612354563,17.890963547151838,66.171875,20.8203125,22.109764068273392,15.587404045717332
69,0.0025996507611125708,0.0025996507611125708,0.0025996507611125708,0.0003918027796316892,0.0003918027796316892,0.0003918027796316892,12.535762988233785,18.09688955688294,66.25,20.9765625,22.328589888832195,15.796651670812354
70,0.002583499299362302,0.002583499299362302,0.002583499299362302,0.0004142623511143029,0.0004142623511143029,0.0004142623511143029,12.403612747786138,16.25095316008953,66.09375,18.6328125,22.25165456254965,15.499579855257107
71,0.0026050019077956676,0.0026050019077956676,0.0026050019077956676,0.0003866073675453663,0.0003866073675453663,0.0003866073675453663,12.339715699656281,17.996008747733548,66.1328125,20.5859375,22.50888114588303,15.379691760890372
72,0.002616876270622015,0.002616876270622015,0.002616876270622015,0.0003881964075844735,0.0003881964075844735,0.0003881964075844735,12.104817604111059,17.90547308312601,65.8203125,20.625,22.46526966761145,15.894478486839578
73,0.0025961720384657383,0.0025961720384657383,0.0025961720384657383,0.0003863834135700017,0.0003863834135700017,0.0003863834135700017,11.864316896268308,18.84958592402328,65.625,21.171875,22.116106153958533,15.393769841810549
74,0.002588501665741205,0.002588501665741205,0.002588501665741205,0.0003721071407198906,0.0003721071407198906,0.0003721071407198906,11.947080943894727,17.005585165860378,65.7421875,19.84375,22.43614996195355,15.768259958841577
75,0.0025831733364611864,0.0025831733364611864,0.0025831733364611864,0.0003362635034136474,0.0003362635034136474,0.0003362635034136474,11.642872302554899,17.092710226572446,65.390625,19.6484375,22.1891705650384,14.899955835273673
76,0.002585439942777157,0.002585439942777157,0.002585439942777157,0.00033816456561908126,0.00033816456561908126,0.00033816456561908126,12.20012591173336,17.050991939934494,65.7421875,19.21875,22.448324428024705,15.413130353889416
77,0.0025935634039342403,0.0025935634039342403,0.0025935634039342403,0.00031086988747119904,0.00031086988747119904,0.00031086988747119904,12.168778264102931,16.97204545732049,66.171875,19.84375,21.963019195174887,15.468938776204638
78,0.002559453248977661,0.002559453248977661,0.002559453248977661,0.0003167096874676645,0.0003167096874676645,0.0003167096874676645,12.208703508499974,16.374774650464577,66.2890625,18.828125,21.822002202259227,15.455520531853436
79,0.0025667045265436172,0.0025667045265436172,0.0025667045265436172,0.00033604790223762393,0.00033604790223762393,0.00033604790223762393,11.657148021925266,18.553907079634733,65.5078125,21.328125,21.93971749111413,15.459651940105001
80,0.002563175745308399,0.002563175745308399,0.002563175745308399,0.0003074142150580883,0.0003074142150580883,0.0003074142150580883,12.243409415747374,16.32441276903608,66.1328125,19.2578125,22.3201306791447,15.663688109159244
81,0.0025602509267628193,0.0025602509267628193,0.0025602509267628193,0.0002974302333313972,0.0002974302333313972,0.0002974302333313972,11.77543682778781,17.42102082242873,65.546875,20.0390625,22.348173249608518,15.761853373332414
82,0.002570099662989378,0.002570099662989378,0.002570099662989378,0.00030373584013432264,0.00030373584013432264,0.00030373584013432264,11.872878452421348,18.661474838045343,66.0546875,21.3671875,22.207596265464854,15.500067256958268
83,0.002568125491961837,0.002568125491961837,0.002568125491961837,0.00031943991780281067,0.00031943991780281067,0.00031943991780281067,11.512503055165817,16.69118173952058,65.703125,19.21875,22.379697722541234,15.796791226769031
84,0.002576374914497137,0.002576374914497137,0.002576374914497137,0.00030332597089000046,0.00030332597089000046,0.00030332597089000046,11.765818972965583,16.531800429302898,65.6640625,19.5703125,22.23028008298053,15.596725393143798
85,0.0025769227650016546,0.0025769227650016546,0.0025769227650016546,0.00029846493271179497,0.00029846493271179497,0.00029846493271179497,12.137824743466442,16.77075672585181,65.7421875,19.453125,22.183225642582457,15.139227539329648
86,0.002573012840002775,0.002573012840002775,0.002573012840002775,0.0002900201652664691,0.0002900201652664691,0.0002900201652664691,11.901948758181534,17.562724574561823,65.6640625,19.9609375,22.308371796721556,15.566423403500709
87,0.002565192524343729,0.002565192524343729,0.002565192524343729,0.0002670266549102962,0.0002670266549102962,0.0002670266549102962,11.591466771862043,16.99896203291096,65.4296875,19.5703125,22.201538050002263,15.250798129161822
88,0.0025714472867548466,0.0025714472867548466,0.0025714472867548466,0.0002882393018808216,0.0002882393018808216,0.0002882393018808216,11.728963738430357,17.332317072062747,65.5078125,20.0390625,22.486846988754227,15.408600283488957
89,0.0025694258511066437,0.0025694258511066437,0.0025694258511066437,0.0002960773999802768,0.0002960773999802768,0.0002960773999802768,12.09824519547139,15.716191581618771,65.859375,18.6328125,22.27866413025048,15.65959054501808
90,0.0025520315393805504,0.0025520315393805504,0.0025520315393805504,0.00025978541816584766,0.00025978541816584766,0.00025978541816584766,11.763898164521105,16.943318719369575,65.703125,19.609375,22.462968695988152,15.415563365387886
91,0.0025758997071534395,0.0025758997071534395,0.0025758997071534395,0.0002732373250182718,0.0002732373250182718,0.0002732373250182718,11.84540193149577,18.0239004317844,65.6640625,20.3125,22.25349060924729,15.782688103899577
92,0.002570783719420433,0.002570783719420433,0.002570783719420433,0.00024612114066258073,0.00024612114066258073,0.00024612114066258073,11.922217469492882,16.945374075275772,66.1328125,19.6875,22.285485218396794,15.496886731892022
93,0.0025664803106337786,0.0025664803106337786,0.0025664803106337786,0.00025957319303415716,0.00025957319303415716,0.00025957319303415716,11.783744703288964,16.35345897108027,65.859375,18.90625,22.40590405091063,15.501147630027607
94,0.0025560560170561075,0.0025560560170561075,0.0025560560170561075,0.0002446533180773258,0.0002446533180773258,0.0002446533180773258,12.303118185742298,16.749623268485454,65.6640625,19.6875,22.62895943808543,15.690597969852327
95,0.00255679152905941,0.00255679152905941,0.00255679152905941,0.0002597514248918742,0.0002597514248918742,0.0002597514248918742,12.007415129061371,17.704323183732683,66.015625,20.1953125,22.06563275808033,15.819517957848534
96,0.0025487919338047504,0.0025487919338047504,0.0025487919338047504,0.000252209254540503,0.000252209254540503,0.000252209254540503,12.064166170299107,18.60918931403682,66.0546875,21.09375,22.395551063786726,15.497071983379735
97,0.002549986355006695,0.002549986355006695,0.002549986355006695,0.00025121995713561773,0.00025121995713561773,0.00025121995713561773,12.126730814858691,17.29178989760217,66.171875,20.0390625,22.091658442118817,15.52746114098633
98,0.0025594118051230907,0.0025594118051230907,0.0025594118051230907,0.0002549974888097495,0.0002549974888097495,0.0002549974888097495,11.653920941954638,17.004927672716068,65.5078125,19.53125,22.568648667518097,15.554806949986999
99,0.002554807811975479,0.002554807811975479,0.002554807811975479,0.0002667649823706597,0.0002667649823706597,0.0002667649823706597,11.716746142359185,16.800011223702864,66.0546875,19.0625,22.36312138785638,15.253533979373744
100,0.0025478797033429146,0.0025478797033429146,0.0025478797033429146,0.00023530126782134175,0.00023530126782134175,0.00023530126782134175,11.521139328245921,15.157580326941902,65.234375,18.0078125,22.64822081004975,15.264078739780926
101,0.002544374205172062,0.002544374205172062,0.002544374205172062,0.00025236920919269323,0.00025236920919269323,0.00025236920919269323,11.71265212737731,18.43299800514728,65.9375,21.015625,22.210990151193485,15.38605194708277
102,0.002548853401094675,0.002548853401094675,0.002548853401094675,0.00025169813307002187,0.00025169813307002187,0.00025169813307002187,12.152575816862761,17.668169024123518,66.1328125,20.1953125,22.140015422618138,15.50038909729375
103,0.0025375084951519966,0.0025375084951519966,0.0025375084951519966,0.000252057594479993,0.000252057594479993,0.000252057594479993,11.923634080082293,17.31049079986893,65.8203125,20.1953125,22.25952739205221,15.523174707773913
104,0.00253193243406713,0.00253193243406713,0.00253193243406713,0.0002531774516683072,0.0002531774516683072,0.0002531774516683072,11.6715614400145,16.908896051289222,65.4296875,19.5703125,22.14916152414147,15.187862330422949
105,0.002529482590034604,0.002529482590034604,0.002529482590034604,0.00023000351211521775,0.00023000351211521775,0.00023000351211521775,11.820587221142594,16.987387882361368,65.78125,19.84375,22.240895384302952,15.74626897643564
106,0.0025340490974485874,0.0025340490974485874,0.0025340490974485874,0.00023128253815229982,0.00023128253815229982,0.00023128253815229982,11.784814619258425,16.162716424975127,65.625,18.7890625,22.208197849142564,15.202536769786859
107,0.0025503751821815968,0.0025503751821815968,0.0025503751821815968,0.0002291401760885492,0.0002291401760885492,0.0002291401760885492,11.656900436124735,17.503630618340114,65.625,20.390625,22.167853442220082,15.974635144471238
108,0.0025434137787669897,0.0025434137787669897,0.0025434137787669897,0.00023182682343758643,0.00023182682343758643,0.00023182682343758643,11.675943279379657,19.071952941316376,65.4296875,21.484375,22.299748179217946,15.977758044169278
109,0.0025367815978825092,0.0025367815978825092,0.0025367815978825092,0.00023355349549092352,0.00023355349549092352,0.00023355349549092352,12.125068175095008,16.347947137661567,65.9765625,18.90625,22.37414866682705,15.686187594291987
110,0.002538291271775961,0.002538291271775961,0.002538291271775961,0.0002333623997401446,0.0002333623997401446,0.0002333623997401446,11.800548076245644,18.065458874793947,66.09375,20.5859375,21.979900309948068,15.3266582702411
111,0.002537705469876528,0.002537705469876528,0.002537705469876528,0.0002233125560451299,0.0002233125560451299,0.0002233125560451299,12.276689990958094,16.810036254910663,65.8203125,19.0234375,22.41870346397828,15.361584872302016
112,0.002529531717300415,0.002529531717300415,0.002529531717300415,0.00021448711049742997,0.00021448711049742997,0.00021448711049742997,11.775392965753902,17.78125893671373,65.390625,20.703125,22.20025955929674,15.716423354187683
113,0.0025389681104570627,0.0025389681104570627,0.0025389681104570627,0.0002270674449391663,0.0002270674449391663,0.0002270674449391663,11.77519893930374,16.934234933884824,65.78125,19.609375,22.33037361560138,15.841036462669273
114,0.002540137618780136,0.002540137618780136,0.002540137618780136,0.00021322570682968944,0.00021322570682968944,0.00021322570682968944,11.310627169881721,17.84710068051189,65.3515625,20.4296875,22.36879802705532,16.002539034525057
115,0.002549631055444479,0.002549631055444479,0.002549631055444479,0.00023160113778430969,0.00023160113778430969,0.00023160113778430969,11.562232317920495,19.186460299935153,65.5859375,21.71875,22.23812036649896,15.712496711234047
116,0.002539923880249262,0.002539923880249262,0.002539923880249262,0.00022465975780505687,0.00022465975780505687,0.00022465975780505687,12.18197036728398,17.026484988095728,65.9375,19.375,22.257211327378094,15.6528304960791
117,0.002562331035733223,0.002562331035733223,0.002562331035733223,0.00024575102725066245,0.00024575102725066245,0.00024575102725066245,11.889517911496732,16.72127617602904,65.859375,19.0625,22.551306650979456,15.127325932631736
118,0.0025564853567630053,0.0025564853567630053,0.0025564853567630053,0.00021207946701906621,0.00021207946701906621,0.00021207946701906621,11.963683555247902,16.4870022062626,65.625,18.671875,22.152854691894277,15.676953475127467
119,0.0025373392272740602,0.0025373392272740602,0.0025373392272740602,0.00020324708020780236,0.00020324708020780236,0.00020324708020780236,11.625371879669041,18.898856476725104,65.1171875,21.484375,22.26299645914601,15.617643812729217
120,0.002530194353312254,0.002530194353312254,0.002530194353312254,0.0001985836133826524,0.0001985836133826524,0.0001985836133826524,11.846410306437713,17.71490334116172,65.2734375,20.078125,22.5068616538056,15.627111246421856
121,0.002526285592466593,0.002526285592466593,0.002526285592466593,0.0002077676181215793,0.0002077676181215793,0.0002077676181215793,12.381136120196178,18.520952351878137,66.25,21.2890625,22.060673272433384,15.252847928528688
122,0.0025384933687746525,0.0025384933687746525,0.0025384933687746525,0.00021546240895986557,0.00021546240895986557,0.00021546240895986557,12.1901802730928,18.60918470401621,65.78125,20.5859375,22.19880251556778,15.289345852121514
123,0.002524122130125761,0.002524122130125761,0.002524122130125761,0.0002039051614701748,0.0002039051614701748,0.0002039051614701748,11.86868345076767,18.641357541678914,65.5859375,21.09375,22.227876144568146,15.568590570119754
124,0.002531282138079405,0.002531282138079405,0.002531282138079405,0.00018013527733273804,0.00018013527733273804,0.00018013527733273804,12.187276712110304,18.175023123459376,66.25,20.2734375,22.332887609870667,15.597002035478438
125,0.002527971286326647,0.002527971286326647,0.002527971286326647,0.0001904498494695872,0.0001904498494695872,0.0001904498494695872,12.023724737398945,16.35978732450504,65.9765625,19.1015625,22.342768827864,15.736030053991888
126,0.002528146840631962,0.002528146840631962,0.002528146840631962,0.00018950790399685502,0.00018950790399685502,0.00018950790399685502,12.229445449807162,16.766441632107707,66.2890625,19.296875,22.032226802885482,15.713842359160248
127,0.002517326269298792,0.002517326269298792,0.002517326269298792,0.0001914092863444239,0.0001914092863444239,0.0001914092863444239,11.891621164607537,17.961308062932005,66.2109375,20.2734375,22.320667787959344,15.433001798277663
128,0.0025204222183674574,0.0025204222183674574,0.0025204222183674574,0.0001982490939553827,0.0001982490939553827,0.0001982490939553827,11.866518642708728,15.201615604251947,65.703125,17.6953125,22.571374607836137,15.504730121581948
129,0.0025209644809365273,0.0025209644809365273,0.0025209644809365273,0.00018194279982708395,0.00018194279982708395,0.00018194279982708395,11.924750859122298,16.96602663645958,65.859375,19.6875,22.252790855915883,15.653150781947286
130,0.002538495697081089,0.002538495697081089,0.002538495697081089,0.00017922364349942654,0.00017922364349942654,0.00017922364349942654,12.073954298316329,18.371714257127913,65.9765625,20.546875,22.289948610532093,15.51004394662901
131,0.002512942999601364,0.002512942999601364,0.002512942999601364,0.00018274497415404767,0.00018274497415404767,0.00018274497415404767,11.562746344642894,18.073752045518503,65.5859375,20.5078125,22.474245826408044,15.675718292971657
132,0.0025303647853434086,0.0025303647853434086,0.0025303647853434086,0.00017386199033353478,0.00017386199033353478,0.00017386199033353478,11.68777338315466,18.31236744382492,65.6640625,20.7421875,22.729266430703316,16.026999248334025
133,0.0025210287421941757,0.0025210287421941757,0.0025210287421941757,0.00019216691725887358,0.00019216691725887358,0.00019216691725887358,11.959207415016145,17.20636522994464,65.859375,19.609375,22.31232756277191,15.320185922534533
134,0.0025318339467048645,0.0025318339467048645,0.0025318339467048645,0.00017634624964557588,0.00017634624964557588,0.00017634624964557588,11.852795735508273,16.65019953454347,65.859375,19.1015625,22.58883836693399,15.753495038138002
135,0.0025209018494933844,0.0025209018494933844,0.0025209018494933844,0.00016085529932752252,0.00016085529932752252,0.00016085529932752252,11.707741273571665,18.655061158503518,65.78125,20.859375,22.371654579930166,15.861053815018519
136,0.002514031482860446,0.002514031482860446,0.002514031482860446,0.0001616376976016909,0.0001616376976016909,0.0001616376976016909,12.134315031644942,18.500712993165205,66.4453125,21.015625,22.15070950933774,15.713493958999733
137,0.002523165661841631,0.002523165661841631,0.002523165661841631,0.0001744349137879908,0.0001744349137879908,0.0001744349137879908,12.177637296263551,18.045198063934194,65.9375,20.546875,22.337592267662306,15.780172008671016
138,0.0025241035036742687,0.0025241035036742687,0.0025241035036742687,0.00016176178178284317,0.00016176178178284317,0.00016176178178284317,11.951974293406494,18.517339455983816,66.25,21.0546875,22.1889328062919,15.910303042586792
139,0.002540629357099533,0.002540629357099533,0.002540629357099533,0.00017756997840479016,0.00017756997840479016,0.00017756997840479016,11.846635246712713,17.107586659186822,64.9609375,19.375,22.669159282437423,15.720332313158524
140,0.0025245461147278547,0.0025245461147278547,0.0025245461147278547,0.00017917095101438463,0.00017917095101438463,0.00017917095101438463,12.082619663523216,18.168628795876135,65.625,20.546875,22.270754811627906,15.624292295753202
141,0.002511601895093918,0.002511601895093918,0.002511601895093918,0.0001761929743224755,0.0001761929743224755,0.0001761929743224755,12.058691010049943,18.68716808408232,65.9765625,20.78125,22.117063229586407,15.09470132953625
142,0.0025186012499034405,0.0025186012499034405,0.0025186012499034405,0.00016254362708423287,0.00016254362708423287,0.00016254362708423287,11.852762790337772,17.998086706045076,65.6640625,20.3515625,22.430791865272052,15.163862217234573
143,0.002508650068193674,0.002508650068193674,0.002508650068193674,0.00017108155589085072,0.00017108155589085072,0.00017108155589085072,12.269478064373642,17.93431701598604,65.703125,20.5078125,22.26541472318379,15.847113849303707
144,0.002515209373086691,0.002515209373086691,0.002515209373086691,0.0001701746805338189,0.0001701746805338189,0.0001701746805338189,11.71605648370361,17.585042310891506,65.7421875,20.0390625,22.441972945003403,15.20604182529148
145,0.0025209281593561172,0.0025209281593561172,0.0025209281593561172,0.0001680095010669902,0.0001680095010669902,0.0001680095010669902,11.905992277821946,17.712631487288675,65.9375,20.0390625,22.44097596553088,15.639707625963418
146,0.002515554428100586,0.002515554428100586,0.002515554428100586,0.00016199253150261939,0.00016199253150261939,0.00016199253150261939,12.540821223510317,18.555350155176612,66.6796875,21.1328125,22.24119391403451,15.235183873201107
147,0.002511325292289257,0.002511325292289257,0.002511325292289257,0.00015954807167872787,0.00015954807167872787,0.00015954807167872787,11.86416343939571,16.237981970429182,65.78125,18.515625,22.286273601529384,15.24237091348407
148,0.0025175660848617554,0.0025175660848617554,0.0025175660848617554,0.0001585736608831212,0.0001585736608831212,0.0001585736608831212,11.860356168118285,16.776870785664023,66.0546875,19.1015625,21.98522538224018,15.27460454877332
149,0.0025130296126008034,0.0025130296126008034,0.0025130296126008034,0.00015934280236251652,0.00015934280236251652,0.00015934280236251652,12.48286749154862,18.127802997911637,66.7578125,20.390625,22.171570441124814,15.25246276857053
150,0.0025175127666443586,0.0025175127666443586,0.0025175127666443586,0.00015119247836992145,0.00015119247836992145,0.00015119247836992145,12.352620260710335,18.874534210104805,66.171875,21.3671875,22.407249587203538,15.589157372171282
151,0.0025092680007219315,0.0025092680007219315,0.0025092680007219315,0.00015907984925433993,0.00015907984925433993,0.00015907984925433993,12.225034115970859,16.33131332561627,65.8984375,18.984375,22.285419799498598,14.916578124027703
152,0.002507033059373498,0.002507033059373498,0.002507033059373498,0.00015698521747253835,0.00015698521747253835,0.00015698521747253835,11.855251355173943,17.48950644423796,65.9375,19.453125,22.324771024735476,14.945775380298942
153,0.002514595864340663,0.002514595864340663,0.002514595864340663,0.00014289336104411632,0.00014289336104411632,0.00014289336104411632,12.045707882054327,17.72715730484469,65.78125,20.1171875,22.45635393347735,15.681104659713782
154,0.0025101532228291035,0.0025101532228291035,0.0025101532228291035,0.00015068217180669308,0.00015068217180669308,0.00015068217180669308,12.293005249869928,17.295909299354022,66.4453125,19.6484375,22.006021875324745,15.23223694063
155,0.0025075040757656097,0.0025075040757656097,0.0025075040757656097,0.00014877851936034858,0.00014877851936034858,0.00014877851936034858,12.077475860327997,16.212492448816196,66.328125,18.3984375,21.86311537972998,14.924109122495137
156,0.0025178776122629642,0.0025178776122629642,0.0025178776122629642,0.00016824179328978062,0.00016824179328978062,0.00016824179328978062,12.645962367218505,17.94467496293218,66.5625,20.0,22.056010925846017,14.892917183595575
157,0.0025109711568802595,0.0025109711568802595,0.0025109711568802595,0.00015734529006294906,0.00015734529006294906,0.00015734529006294906,12.253065049442995,16.59893974790233,65.78125,18.6328125,22.544943922328013,15.289110785132369
158,0.0024981792084872723,0.0024981792084872723,0.0024981792084872723,0.0001490041904617101,0.0001490041904617101,0.0001490041904617101,12.358867128371797,18.32154930860239,66.484375,20.6640625,22.084323416159467,15.455509553948257
159,0.0025060742627829313,0.0025060742627829313,0.0025060742627829313,0.00013657768431585282,0.00013657768431585282,0.00013657768431585282,12.170254236577495,16.77233822612883,66.09375,19.296875,22.076913185414952,15.244454136775682
160,0.002506788121536374,0.002506788121536374,0.002506788121536374,0.00013716347166337073,0.00013716347166337073,0.00013716347166337073,12.095865086372113,17.97410247338363,65.859375,20.1953125,22.885508634943655,15.364776312511818
161,0.002508419333025813,0.002508419333025813,0.002508419333025813,0.00014798300981055945,0.00014798300981055945,0.00014798300981055945,11.84180970759199,17.937124704463745,65.5078125,20.4296875,22.918598042142328,15.233181063348606
162,0.0025034998543560505,0.0025034998543560505,0.0025034998543560505,0.00013003748608753085,0.00013003748608753085,0.00013003748608753085,12.02871262273762,17.764331312626304,65.9765625,20.15625,22.560585675023347,15.38168404462687
163,0.0025008772499859333,0.0025008772499859333,0.0025008772499859333,0.00011912173795280978,0.00011912173795280978,0.00011912173795280978,12.01547234469878,17.640658290908487,66.1328125,19.84375,22.43979958921101,15.146695062975045
164,0.0025000981986522675,0.0025000981986522675,0.0025000981986522675,0.00012666036491282284,0.00012666036491282284,0.00012666036491282284,12.042817343524542,17.407222282468666,66.171875,19.6875,22.371584536173785,15.22996235583654
165,0.002499582478776574,0.002499582478776574,0.002499582478776574,0.00013061358185950667,0.00013061358185950667,0.00013061358185950667,12.13590707274684,17.32339971143224,66.3671875,19.6484375,22.352181253801728,15.12790078400504
166,0.0024992837570607662,0.0024992837570607662,0.0024992837570607662,0.000129060004837811,0.000129060004837811,0.000129060004837811,12.12200643116033,18.17169655456047,66.25,20.5078125,22.46252432455594,15.096887653075578
167,0.0024981254246085882,0.0024981254246085882,0.0024981254246085882,0.00011685431672958657,0.00011685431672958657,0.00011685431672958657,11.884288136838737,17.067633323263333,65.8203125,19.3359375,22.63058650241502,15.160974198952761
168,0.002499484457075596,0.002499484457075596,0.002499484457075596,0.00012836753739975393,0.00012836753739975393,0.00012836753739975393,12.045517842628458,17.452818405399757,65.9375,19.921875,22.494418174166704,15.078161827042136
169,0.0025000390596687794,0.0025000390596687794,0.0025000390596687794,0.00012763022095896304,0.00012763022095896304,0.00012763022095896304,11.987702267074093,17.719766454955728,66.015625,19.9609375,22.48747111489307,15.197096888393245
170,0.0024976730346679688,0.0024976730346679688,0.0024976730346679688,0.00011803049710579216,0.00011803049710579216,0.00011803049710579216,11.932971715940717,18.001178832933054,65.8203125,20.3125,22.55438761816366,15.1846176739942
171,0.002496873028576374,0.002496873028576374,0.002496873028576374,0.00012127969966968521,0.00012127969966968521,0.00012127969966968521,12.119324146981576,17.981708837260648,66.0546875,20.234375,22.50743831520171,15.213366073651846
172,0.002496663946658373,0.002496663946658373,0.002496663946658373,0.00011391517909942195,0.00011391517909942195,0.00011391517909942195,12.099025877147831,17.482018238297677,66.171875,19.84375,22.431240348245023,15.200702495855435
173,0.002496587112545967,0.002496587112545967,0.002496587112545967,0.00012434725067578256,0.00012434725067578256,0.00012434725067578256,12.069672087119908,17.97326887792867,66.171875,20.390625,22.422031566194157,15.32014351494229
174,0.0024988027289509773,0.0024988027289509773,0.0024988027289509773,0.00011278768943157047,0.00011278768943157047,0.00011278768943157047,11.977457609241245,17.593768358887896,65.9765625,20.0,22.487947201104888,15.336085540470556
175,0.002495190594345331,0.002495190594345331,0.002495190594345331,0.00011019805242540315,0.00011019805242540315,0.00011019805242540315,11.958597727957072,17.051817553675168,65.9765625,19.609375,22.423244335543966,15.207902652674507
176,0.0024964106269180775,0.0024964106269180775,0.0024964106269180775,0.00011022922990377992,0.00011022922990377992,0.00011022922990377992,12.010665264561563,17.618317457882956,65.9765625,20.078125,22.45020021165598,15.257826912119757
177,0.0024958925787359476,0.0024958925787359476,0.0024958925787359476,0.00010461321653565392,0.00010461321653565392,0.00010461321653565392,11.925640615164374,17.00019743540894,66.0546875,19.53125,22.439843962960005,15.241942789978827
178,0.0024953503161668777,0.0024953503161668777,0.0024953503161668777,0.00011639292642939836,0.00011639292642939836,0.00011639292642939836,11.992895527888638,16.849305430744142,66.171875,19.375,22.43460614766885,15.254199955294588
179,0.002493168693035841,0.002493168693035841,0.002493168693035841,0.00011562760482775047,0.00011562760482775047,0.00011562760482775047,11.952058954294735,17.332687058926414,66.015625,19.6875,22.46899561617366,15.156842687333336
180,0.002495689783245325,0.002495689783245325,0.002495689783245325,0.00011073802306782454,0.00011073802306782454,0.00011073802306782454,11.919865136578048,17.219769790026707,65.703125,19.4921875,22.535760822409642,15.320899774461322
181,0.0024933721870183945,0.0024933721870183945,0.0024933721870183945,0.00010908039257628843,0.00010908039257628843,0.00010908039257628843,11.965000974879674,16.996925625140538,65.9375,19.4140625,22.412845662785564,15.188914586218146
182,0.00249344389885664,0.00249344389885664,0.00249344389885664,0.00010513277084100991,0.00010513277084100991,0.00010513277084100991,11.901902221080658,16.986508040760473,65.9375,19.4140625,22.390152045974073,15.17322349709643
183,0.0024947291240096092,0.0024947291240096092,0.0024947291240096092,0.0001138205043389462,0.0001138205043389462,0.0001138205043389462,11.919080798420609,17.402756711392904,65.8984375,19.765625,22.408956484937683,15.203624990541083
184,0.0024936706759035587,0.0024936706759035587,0.0024936706759035587,0.00011108633043477312,0.00011108633043477312,0.00011108633043477312,11.890100266444698,16.907051866140794,65.8984375,19.296875,22.396134334248412,15.100936330090668
185,0.002496577799320221,0.002496577799320221,0.002496577799320221,0.00010272064537275583,0.00010272064537275583,0.00010272064537275583,11.971607423091367,17.370194178420263,66.09375,19.7265625,22.335918220690846,15.326149677587116
186,0.0024961973540484905,0.0024961973540484905,0.0024961973540484905,0.00010787710198201239,0.00010787710198201239,0.00010787710198201239,11.938564410022835,17.0756918479832,66.0546875,19.5703125,22.36351802859599,15.19112521910372
187,0.0024955207481980324,0.0024955207481980324,0.0024955207481980324,0.00010618493979563937,0.00010618493979563937,0.00010618493979563937,11.853662126038621,17.144877137524897,65.703125,19.6875,22.44543202806231,15.163542455911054
188,0.002498034154996276,0.002498034154996276,0.002498034154996276,0.0001221320271724835,0.0001221320271724835,0.0001221320271724835,11.909635534847164,16.88103213294858,65.9375,19.375,22.396139648487345,15.164811772785947
189,0.0024933218955993652,0.0024933218955993652,0.0024933218955993652,0.00010497701441636309,0.00010497701441636309,0.00010497701441636309,11.943482001180142,17.237820927952768,66.09375,19.6875,22.40120004198023,15.211662307484822
190,0.0024949265643954277,0.0024949265643954277,0.0024949265643954277,0.00010206674051005393,0.00010206674051005393,0.00010206674051005393,11.960028361196681,16.968575014970494,66.015625,19.453125,22.46564083793294,15.306228628278358
191,0.0024951868690550327,0.0024951868690550327,0.0024951868690550327,0.00011704281496349722,0.00011704281496349722,0.00011704281496349722,11.977859031915347,16.959804304493133,66.09375,19.4921875,22.432696895566234,15.275454188523637
192,0.002495354972779751,0.002495354972779751,0.002495354972779751,0.00011653855472104624,0.00011653855472104624,0.00011653855472104624,12.012645596168058,17.205483739404844,66.09375,19.6875,22.407426717710916,15.271578348470156
193,0.00249545369297266,0.00249545369297266,0.00249545369297266,9.95234731817618e-05,9.95234731817618e-05,9.95234731817618e-05,12.01102454155254,17.118025608362434,66.015625,19.4921875,22.397915606975747,15.31580291292934
194,0.002495379652827978,0.002495379652827978,0.002495379652827978,0.00011236764112254605,0.00011236764112254605,0.00011236764112254605,12.013532680773183,17.002356295248685,66.1328125,19.4140625,22.407649169654007,15.262091809845096
195,0.0024954737164080143,0.0024954737164080143,0.0024954737164080143,0.00012194845476187766,0.00012194845476187766,0.00012194845476187766,11.965946100041709,16.800174338778824,66.09375,19.21875,22.41270322163391,15.264506322756693
196,0.002496130997315049,0.002496130997315049,0.002496130997315049,0.0001215002776007168,0.0001215002776007168,0.0001215002776007168,11.950222261816673,16.84379045430822,66.09375,19.21875,22.427397425352055,15.240077547900276
197,0.0024963845498859882,0.0024963845498859882,0.0024963845498859882,0.00010769510845420882,0.00010769510845420882,0.00010769510845420882,11.974185042829403,16.922030404842427,66.171875,19.3359375,22.373544724900885,15.2318422799099
198,0.0024960797745734453,0.0024960797745734453,0.0024960797745734453,0.00011071051267208531,0.00011071051267208531,0.00011071051267208531,11.974185042829403,16.919930685234657,66.171875,19.3359375,22.36139969246988,15.21524508957191
199,0.0024957014247775078,0.0024957014247775078,0.0024957014247775078,9.753967606229708e-05,9.753967606229708e-05,9.753967606229708e-05,11.972421923409545,16.85113715467003,66.1328125,19.2578125,22.36842887389454,15.198008437597817
200,0.0024952772073447704,0.0024952772073447704,0.0024952772073447704,0.00010846007353393361,0.00010846007353393361,0.00010846007353393361,11.974185042829403,16.84719469140187,66.171875,19.2578125,22.36821333299286,15.200008012290438
